clr.Ag,clr.Cu,clr.Pb,clr.Zn,clr.Mo,clr.Ni,clr.Cd,clr.Te,clr.Ba,clr.As,clr.Sb,clr.Hg
-0.434591784,4.257589779,0.339641505,-2.201451987,-1.962943588,-4.078369265,-7.562948255,0.289850841,-1.775784172,0.959249782,0.212035381,-2.664151742
-0.39437031,4.269640376,-0.732184289,-2.76154861,-1.710510411,-4.310361901,-7.920104035,0.185609073,-1.912466628,0.999471257,0.252256855,-2.542804723
-0.279722301,3.746711056,-0.152828337,-1.412401144,-1.487829404,-4.418083748,-6.80405045,0.764965024,-1.596704862,1.114119266,0.366904864,-2.782978089
-0.620727472,4.028894477,-1.213389451,-2.547729831,-2.548390518,-3.764125156,-7.718707776,-0.29559609,-2.934845801,0.773114095,0.025899693,-3.854870769
-0.351575595,3.935140859,-0.022237848,-2.114851027,-1.765207153,-4.102725375,-7.181839258,0.487587276,-1.643136533,1.042265971,0.295051569,-2.81846374
-0.488707979,4.257540805,-0.908061163,-2.439910223,-2.243062229,-3.416419815,-7.560244434,0.009732199,-1.92390324,0.905133587,0.157919186,-2.87007395
-0.415216746,4.127433083,-0.573183979,-2.422087595,-1.908185045,-3.603587543,-7.675953199,0.344609383,-1.986769523,0.978624821,0.231410419,-2.717801839
-0.63291704,4.086663498,-0.912426711,-2.807668761,-2.247427778,-2.756375467,-7.627248818,0.005366651,-2.676332759,0.760924527,0.013710125,-3.867060337
-0.604650708,4.073544613,-1.179319123,-2.627013019,-2.514320189,-3.246052227,-7.760250635,-0.261525761,-2.958370154,0.789190858,0.041976457,-3.838794005
-0.588474087,4.461770345,-0.505135955,-2.879674621,-2.471248812,-3.341710081,-8.261373597,-0.218454383,-2.731254616,0.80536748,0.058153078,-3.129470203
-0.183319875,3.564400079,0.383018458,-2.306251848,-1.583094398,-4.608836941,-6.994803643,0.66970003,-1.653926662,1.210521691,0.46330729,-2.686575664
-0.72200304,4.226111897,-0.186738343,-2.286399543,-2.489323436,-2.385929138,-7.616805224,-0.236529008,-2.1674476,0.671838526,-0.075375876,-3.136705432
-0.603703458,3.986199256,-0.98819834,-3.018840537,-2.323199407,-3.109812316,-8.029475832,-0.070404979,-2.440762687,0.790138109,0.042923707,-3.407063839
-0.560418454,3.898148257,-0.876764703,-2.799593801,-2.21176577,-3.553365603,-7.795630295,0.041028659,-2.553193387,0.833423112,0.086208711,-3.160837991
-0.644462538,4.061512347,-1.235751833,-2.920624676,-2.5707529,-3.057825797,-8.053862292,-0.317958472,-2.692366024,0.749379029,0.002164627,-3.878605835
-0.313887732,3.320503537,0.935680346,-1.812021575,-1.366904747,-3.913935972,-7.088360034,0.885889681,-1.413991445,1.079953835,0.332739433,-2.728590123
-0.581986423,4.240248268,-1.193670715,-2.507264127,-2.528671782,-3.564633457,-7.837669808,-0.275877353,-2.812645776,0.811855144,0.064640742,-3.81612972
-0.528231739,4.482403556,-1.415751628,-2.945929639,-2.750752695,-4.465755392,-8.28680662,-0.497958267,-2.782890011,0.865609828,0.118395426,-3.031487527
-0.429768391,4.649186147,-1.06801467,-3.268924825,-2.403015737,-3.38670786,-8.545263284,-0.150221308,-2.725309378,0.964073175,0.216858774,-3.09336683
-0.504859581,4.115348482,-0.610641061,-2.259900468,-1.945642128,-3.646194829,-7.367162597,0.307152301,-1.135312693,0.888981985,0.141767584,-2.666366076
-0.647929988,4.546708949,-0.912316498,-3.080226687,-2.247317564,-2.886070673,-7.882107168,0.005476864,-2.510458528,0.745911579,-0.001302823,-3.268968812
-0.559669758,4.237872321,-0.717636991,-3.135067301,-2.052638058,-3.257669623,-7.862839809,0.200156371,-2.59767465,0.834171809,0.086957407,-3.793813055
-0.640431735,4.296872286,-0.997527643,-3.112552069,-2.33252871,-2.680131151,-7.999954723,-0.079734281,-3.033771191,0.753409832,0.00619543,-3.874575032
-0.536959135,4.355893124,-0.60868511,-3.157464483,-1.943686177,-2.956793788,-7.740655762,0.309108252,-2.569677818,0.856882432,0.10966803,-3.771102432
-0.509040087,4.183141476,-0.488914099,-2.84324754,-1.823915166,-3.397558276,-7.469923932,0.428879263,-1.939804951,0.88480148,0.137587078,-3.194617432
-0.353761643,5.038487544,-0.657368866,-2.190775621,-1.992369933,-4.687516729,-8.103102848,0.260424496,-2.196675344,1.496838326,0.292865522,-2.820649787
-0.619998019,4.099582518,-0.891974698,-2.778672922,-2.226975765,-2.778672922,-7.615644722,0.025818664,-2.548656492,0.773843548,0.026629146,-3.854141316
-0.362809165,4.211589362,-0.675532221,-2.469205567,-2.010533288,-3.76452815,-7.676551155,0.24226114,-2.002182566,1.031032402,0.283818,-2.923223367
-0.505336173,4.442778764,-1.071589391,-3.152386682,-2.406590458,-4.80694503,-8.148423177,-0.153796029,-2.618304197,1.827101883,0.141290991,-3.147428407
-0.358641233,3.424170041,-0.431705804,-3.015598621,-2.174675109,-3.862896482,-7.529797029,0.078119319,-1.826014554,1.035200333,0.287985932,-3.59278453
-0.468895759,4.195114927,-0.949928568,-2.687848375,-2.284929634,-4.048824928,-7.821085991,-0.032135206,-2.224275636,0.924945808,0.177731406,-3.703039056
-0.484719219,4.385143522,-1.334773749,-2.723032422,-2.669774815,-4.342941634,-8.063909403,-0.416980387,-2.943575191,0.909122348,0.161907946,-3.718862516
-0.550029436,5.080421766,-1.458772962,-2.611052392,-2.793774029,-3.915108655,-7.636076424,-0.540979601,-2.490099782,0.843812131,0.096597729,-3.784172733
-0.5957461,4.33062885,-1.402456901,-2.673169478,-2.737457968,-4.02771514,-7.98229776,-0.484663539,-2.561378072,0.798095467,0.050881065,-3.829889397
-0.499744779,5.015637093,-1.331607261,-2.628650112,-2.666608328,-3.959884696,-7.375470815,-0.413813899,-2.885369959,0.894096788,0.146882386,-3.733888076
-0.545151661,4.847097525,-1.176823294,-2.609836976,-2.511824361,-4.164466652,-7.649045643,-0.259029932,-2.287549374,0.848689906,0.101475504,-2.89425677
-0.300652297,4.580771265,-1.123837935,-2.757849803,-2.458839002,-4.340259043,-7.824838034,-0.206044574,-2.66628261,1.093189269,0.345974867,-3.534795594
-0.509322717,4.501312577,-1.119660208,-2.699666534,-2.454661275,-3.690065238,-7.724690565,-0.201866846,-2.853817213,0.884518849,0.137304448,-3.743466014
-0.611274022,3.947376148,-0.723729609,-2.759198501,-2.058730675,-2.563889749,-7.467552923,0.194063753,-2.683690949,0.782567545,0.035353143,-3.253366255
-0.622584133,4.43732221,-1.428186901,-2.74322818,-2.763187967,-4.159081343,-8.154485957,-0.510393539,-2.573936123,1.382166516,0.024043032,-3.330634334
-0.400444802,4.173953725,-0.702218844,-2.240900136,-2.037219911,-3.637144828,-7.632549442,0.215574518,-2.390112534,0.993396765,0.246182363,-3.042537035
-0.221908591,3.690114415,-0.467063739,-2.386846691,-1.802064805,-4.466288233,-7.322258564,0.450729623,-1.766606281,1.171932976,0.424718574,-2.725164379
-0.337242207,3.715859397,-0.440789049,-2.015939622,-1.775790116,-3.807699091,-7.22328521,0.477004313,-1.526775495,1.05659936,0.309384958,-2.937661744
-0.619795352,4.029826596,-0.893660606,-2.855393647,-2.228661673,-2.508197447,-7.60221435,0.024132755,-2.748148116,0.774046214,0.026831812,-3.853938649
-0.168695904,3.8844057,-0.347628265,-2.351027521,-1.325954388,-4.975696113,-7.361662815,0.570165097,-1.903002798,1.225145663,0.477931261,-2.533801354
-0.596467522,4.249864721,-1.044761632,-2.576420165,-2.023087755,-3.367547754,-7.670437068,-0.12696827,-2.089887234,1.57690584,0.050159643,-3.399827903
-0.426161403,4.87970317,-0.938894979,-2.772209211,-1.917221102,-3.637206648,-7.591789268,-0.021101618,-2.720915916,1.447969064,0.220465762,-3.6603047
-0.31011009,4.436138695,-0.722916605,-2.416761398,-1.701242727,-4.083357725,-7.693099858,0.194876757,-2.281842081,1.083731477,0.336517075,-3.544253387
-0.31138307,4.263015457,-0.835933624,-2.432960029,-1.121112566,-4.283559998,-7.457984061,0.081859738,-2.65610358,1.082458497,0.335244095,-3.545526367
-0.667250527,4.421093751,-1.359081052,-2.839696962,-2.694082119,-3.673922741,-7.946959092,-0.44128769,-2.965737683,0.726591039,-0.020623363,-3.901393824
-0.156951634,3.659761192,-0.264962769,-1.619138089,-1.599963836,-4.184087447,-7.040057778,0.652830593,-1.545030117,1.236889933,0.489675531,-3.391094931
-0.584564349,4.174756517,-0.908117836,-2.552061247,-2.243118903,-3.245208428,-7.710616671,0.009675525,-2.224557681,0.809277218,0.062062816,-3.818707646
-0.198590592,3.261447289,0.214427971,-1.770949497,-1.528541334,-3.716859646,-6.795973528,0.724253095,-1.675639317,1.195250974,0.448036572,-3.001950973
-0.14217629,3.045927877,1.126655087,-1.728871039,-0.839457769,-4.087025984,-6.809464922,1.413336659,-1.66348828,1.251665277,0.504450875,-2.556878681
-0.622639388,4.502406258,-1.088215939,-2.87261453,-2.423217005,-3.404493563,-8.031169954,-0.170422577,-3.12750678,0.771202179,0.023987777,-3.071827955
-0.363927846,3.047319872,0.993196138,-1.646142921,-1.309388955,-3.592053071,-6.933531217,0.943405473,-1.386317803,1.029913721,0.282699319,-2.697284597
-0.595490189,4.274372551,-0.694294258,-2.631772236,-2.437263563,-3.360010737,-7.874209144,-0.184469135,-2.344090164,0.798351378,0.051136976,-3.281067534
-0.503497943,4.242750841,-0.773582474,-2.490357063,-2.108583541,-3.247220058,-7.661335007,0.144210887,-2.396169848,0.890343623,0.143129222,-3.083714773
-0.584093596,4.364021341,-1.074286775,-3.098713143,-2.409287842,-4.106353654,-8.018376659,-0.156493413,-2.787500573,1.517820801,0.062533569,-3.818236893
-0.241842305,2.88172334,0.744602687,-1.33819853,-0.998366618,-3.403653829,-6.377407196,1.25442781,-1.218851772,1.151999262,0.40478486,-3.045202686
-0.566024276,4.09798641,-1.197695909,-2.41098244,-2.532696976,-3.989961145,-7.762222208,-0.279902547,-2.781000799,0.82781729,0.080602889,-3.800167573
-0.613553882,3.991616304,-1.200713784,-2.470040108,-2.535714851,-3.944441736,-7.665409505,-0.282920422,-3.225319069,0.780287685,0.033073283,-3.847697179
-0.559601769,4.199719097,-1.023619473,-2.374230268,-2.35862054,-3.296563314,-7.569599665,-0.105826112,-2.148679976,1.381969978,0.087025396,-3.793745066
-0.513670509,3.944896203,-0.66951685,-2.74146772,-2.004517917,-4.055788581,-7.722689129,0.248276512,-2.167036846,1.531085475,0.132956656,-2.945467333
-0.53048648,4.576376846,-0.889316994,-2.282118158,-2.224318061,-4.216978471,-7.558456618,0.028476368,-2.04572938,0.863355086,0.116140685,-1.642828962
-0.594250096,4.097931467,-0.930292594,-2.576629925,-2.265293661,-3.797844535,-7.709867541,-0.012499233,-2.232858385,1.579123266,0.052377069,-3.828393393
-0.505846264,4.24040252,-1.17506276,-2.8497842,-2.510063827,-3.959446325,-8.137172496,-0.257269398,-2.687814872,0.887995303,0.140780901,-3.739989561
-0.6577519,4.640565467,-1.281476471,-2.899879024,-2.616477538,-3.029090755,-8.271527663,-0.363683109,-3.164265533,0.736089667,-0.011124735,-3.891895197
-0.596895534,3.750445542,-0.692205714,-1.733581674,-2.840640127,-3.195513449,-7.5273903,-0.587845699,-2.433373397,2.471861874,0.049731631,-3.831038831
-0.543605673,4.091417476,-0.76915235,-2.359739571,-2.104153417,-3.585691282,-7.658056938,0.148641012,-2.069343793,0.850235893,0.103021491,-3.322273442
-0.655813115,4.178542936,-1.07026032,-2.679889125,-2.405261387,-3.830461153,-7.825865767,-0.152466958,-2.745271884,0.738028451,-0.00918595,-3.889956412
-0.590655816,4.302196443,-1.149841866,-2.817476393,-2.484842932,-3.476722022,-8.059913301,-0.232048504,-2.171396723,0.803185751,0.055971349,-3.824799113
-0.756022975,4.159302139,-1.132036042,-2.778011942,-2.110362165,-2.880290791,-7.831206851,-0.21424268,-2.33617919,0.637818592,-0.10939581,-3.028755105
-0.433576369,4.10907346,0.033232369,-2.097502467,-1.932880487,-3.758900118,-7.243479109,0.319913941,-1.775602437,2.515635889,0.213050796,-2.163642269
-0.644393071,4.425082723,-1.268117642,-2.991239818,-2.603118709,-3.638924624,-8.222115903,-0.35032428,-2.830466597,0.749448496,0.002234094,-3.878536368
-0.532266491,4.394108459,-1.317711801,-2.331660973,-2.652712868,-4.418428555,-8.028170688,-0.399918439,-2.331660973,1.38732635,0.114360674,-3.766409788
-0.48557577,5.218206704,0.817341396,-1.888246102,-1.451342146,-4.092690927,-7.451328694,0.039312231,-2.546053916,2.510156503,0.161051395,-3.719719067
-0.52063545,4.829353927,0.124293159,-2.049386769,-0.97431913,-3.876237558,-7.291823677,0.228653174,-1.409349414,1.504317907,0.125991715,-3.754778747
-0.547434921,4.473250709,-0.155636004,-2.360234642,-2.12174886,-4.080898189,-7.690640323,0.131045568,-1.543473505,0.846406645,0.099192244,-2.89654003
-0.496805154,4.337550898,-1.176135516,-2.34861474,-2.511136583,-4.553744497,-7.969330616,-0.258342154,-2.422117202,0.897036413,0.149822011,-3.730948451
-0.43301181,4.536380526,-1.341755336,-2.173408272,-2.676756403,-4.551630779,-7.967216898,-0.423961975,-2.713351294,0.960829757,0.213615355,-3.667155107
-0.553937494,4.138244069,-0.385282128,-2.177041597,-1.771576489,-3.604157952,-7.558740572,0.124542996,-1.71961675,3.010031311,0.092689671,-2.651728174
-0.474960005,4.258043552,-0.83725073,-2.476701523,-2.172251797,-4.236712294,-7.785829806,0.080542632,-2.255710825,0.918881562,0.17166716,-3.709103302
-0.604396939,4.416288691,-0.263988968,-2.415158395,-2.230101824,-4.109754116,-7.776654663,0.022692605,-1.54054036,0.789444628,0.042230226,-3.164811141
-0.462973948,3.73673113,0.295031805,-1.505833747,-1.496727664,-2.861668901,-6.857073515,0.399391821,-1.465424209,2.633563025,0.183653217,-3.217544164
-0.521999243,3.743663803,-0.692598222,-2.025069843,-1.670924345,-3.510455107,-6.771890546,0.225195139,-0.842070162,2.123530602,0.124627922,-2.780132573
-0.58220824,4.637328248,-1.188494409,-2.761437104,-2.523495475,-4.057875136,-8.300139828,-0.270701047,-2.823130673,0.811633326,0.064418925,-3.816351537
-0.598400453,4.186562844,-1.267616949,-2.651181604,-2.602618015,-3.704331519,-7.88205769,-0.349823587,-2.60571923,0.795441114,0.048226712,-3.83254375
-0.564023963,4.466611998,-1.212700584,-2.789068479,-2.547701651,-3.877209467,-8.11947416,-0.294907222,-2.708216382,0.829817604,0.082603202,-3.79816726
-0.541507908,4.316658792,-1.080635979,-2.506077827,-2.415637046,-4.196367836,-7.917335605,-0.162842617,-2.361683322,0.852333659,0.105119257,-3.775651205
-0.622076822,4.247785918,-1.23779067,-2.519280137,-2.572791737,-3.834115534,-7.977940154,-0.319997308,-2.770594565,0.771764744,0.024550343,-3.856220119
-0.477972877,4.380193823,-1.325904264,-2.696533432,-2.660905331,-4.445733287,-8.21799435,-0.408110902,-2.806736572,0.91586869,0.168654288,-3.018968993
-0.511165485,4.123857665,-1.058939143,-2.397234633,-2.393940209,-4.51749817,-7.778933609,-0.141145781,-2.658599397,1.362964982,0.13546168,-3.745308782
-0.451476863,4.007089849,-0.523202839,-2.632896446,-1.858203905,-4.330626966,-7.672105112,0.394590523,-1.553242071,1.738990932,0.195150302,-2.549267544
-0.460024969,4.259555568,-0.769111658,-2.357298789,-2.104112725,-3.941418893,-7.490536405,0.148681704,-1.808732837,2.608732439,0.186602195,-2.926913114
-0.562797481,4.234744598,-1.079978804,-2.623429507,-2.414979871,-4.133337824,-7.854305592,-0.162185443,-2.404947968,0.831044086,0.083829684,-3.341465249
-0.460325512,3.739379566,-1.000899715,-1.860358399,-2.335900781,-3.315645632,-7.136696859,-0.083106353,-1.990720217,2.37110371,0.186301653,-3.694468809
-0.230960494,3.822141109,-0.182591294,-1.9129516,-1.517592361,-3.838242461,-6.5606814,0.735202067,-0.955838873,1.162881072,0.41566667,-3.465103791
-0.37244084,4.386880026,-1.159016732,-2.417103513,-2.494017799,-4.17496143,-7.947222493,-0.24122337,-2.880234263,1.021400727,0.274186325,-3.606584137
-0.572363619,4.671465562,-1.193425073,-2.293772152,-2.528426139,-4.126353616,-8.080936236,-0.275631711,-3.145524363,2.040376402,0.074263546,-3.326933836
-0.418278289,4.697717521,-0.51857601,-2.048381921,-2.261545315,-4.660288261,-7.516258592,-0.008750887,-1.776885173,2.465336687,0.228348876,-3.652421586
-0.464940946,4.109457581,-1.279373793,-2.447320775,-2.61437486,-3.96974731,-7.92432993,-0.361580431,-2.636941634,0.928900621,0.181686219,-3.699084243
-0.388505279,3.811199799,-0.965963095,-1.712692942,-2.300964162,-3.189959081,-7.011010309,-0.048169733,-1.890676097,2.754862994,0.258121886,-3.622648576
-0.480073711,4.094324816,-0.76519612,-2.633051633,-2.100197186,-4.099388702,-7.583967693,0.152597242,-2.476705563,0.913767856,0.166553454,-3.714217008
-0.409635583,4.505689531,-0.752745249,-2.052508272,-2.087746316,-4.355093365,-7.328846732,0.165048113,-1.428353963,2.318415285,0.236991582,-2.9506317
-0.482733271,4.209448292,-0.972926449,-2.568164302,-2.307927516,-4.133799592,-7.549385711,-0.055133088,-2.629722195,0.911108296,0.163893894,-3.716876568
-0.386975916,4.471190784,-0.74059356,-2.497189117,-2.075594627,-4.681991174,-7.655744541,0.177199802,-1.937573329,1.930647054,0.259651249,-3.621119213
-0.15839887,3.624412404,-0.112630452,-1.927509412,-1.447631519,-3.992964712,-6.966718078,0.80516291,-1.508058062,1.235442696,0.488228295,-3.392542167
-0.437995948,4.443427615,-0.845864181,-2.631232484,-2.180865248,-3.945553345,-7.612453893,0.071929181,-2.370016985,0.955845619,0.208631217,-3.672139245
-0.384078515,4.606147908,-1.273639221,-2.478549405,-2.608640288,-4.647603105,-7.909038545,0.312984013,-2.537389905,1.535514326,0.26254865,-3.618221812
-0.388239686,4.289955635,-1.200472312,-2.198065068,-2.535473379,-4.152864165,-7.701981677,0.306108215,-2.506612279,1.00560188,0.258387479,-3.622382983
-0.41478316,4.60590247,-0.952463004,-1.841347078,-2.287464071,-4.726655534,-7.029240627,-0.034669643,-2.613691301,1.902839811,0.231844005,-3.648926457
-0.557515026,4.240027052,-0.942009909,-2.916539525,-2.277010975,-3.386543154,-7.851951398,-0.024216547,-2.18507348,0.83632654,0.089112139,-3.791658323
-0.402456693,4.343792091,-0.820177223,-2.660205334,-2.155178289,-3.881419945,-7.79344295,0.097616139,-2.188600423,0.991384874,0.244170472,-3.63659999
-0.181671229,4.222828261,-0.285218071,-2.890720931,-1.620219138,-4.159232256,-7.132985623,0.632575291,-1.82385734,1.212170338,0.464955936,-3.415814526
-0.306004562,4.466219709,-0.883462378,-2.430311525,-2.218463445,-5.576616657,-7.739439808,0.034330983,-2.22671257,1.087837005,0.340622603,-3.060574779
-0.449650307,4.140252407,-0.894769811,-1.913685679,-2.229770877,-4.004426776,-7.178850839,0.023023551,-1.859027267,1.400949663,0.196976858,-3.683793604
-0.255906419,4.318492108,-0.407497435,-2.128791433,-1.742498502,-4.194246733,-7.1680001,0.510295927,-1.672972439,1.137935148,0.390720746,-2.986946139
-0.548899153,4.388404868,0.531824103,-2.083748208,-2.309757491,-4.674015374,-7.935450813,-0.056963062,-2.868462582,1.798137703,0.097728012,-3.78304245
-0.241841913,4.332556614,-0.459436262,-2.312274244,-1.794437328,-4.209394229,-7.470829668,0.4583571,-2.05957189,1.151999653,0.404785252,-2.972881633
-0.435796841,4.479528274,-0.890410087,-2.465342138,-2.225411153,-3.595703125,-7.806219119,0.027383275,-2.563782211,0.958044726,0.210830324,-3.669940138
-0.430310605,4.219311343,-0.862629935,-2.258080512,-2.197631001,-3.962828604,-7.224264044,0.055163427,-1.643714209,1.396191812,0.21631656,-3.664453902
-0.299701474,4.027836975,-0.227615748,-2.394031629,-1.562616814,-4.791926901,-7.36021516,0.690177614,-1.685846571,1.094140092,0.346925691,-2.784608124
-0.514585959,4.231662825,-0.814523453,-2.207687546,-2.14952452,-3.899363556,-7.314949676,0.103269909,-1.686390622,2.064252511,0.132041206,-3.748729256
-0.42545062,4.455972943,-1.227721902,-2.655772193,-2.562722968,-4.670675213,-8.086261332,-0.30992854,-2.978999203,0.968390947,0.221176545,-3.659593917
-0.402684424,4.467178316,-0.94470267,-2.47654591,-2.279703737,-5.217385934,-7.785674193,-0.026909309,-2.566494147,1.581446938,0.243942741,-3.088261769
-0.347160425,4.128798029,1.96088784,-1.803447158,-1.763082934,-3.227481847,-6.568959994,0.489711494,-1.073932334,1.046681141,0.29946674,-3.581303722
-0.437785877,4.359756201,-1.030447857,-2.873258863,-2.365448923,-3.912682281,-8.0565069,-0.112654495,-2.579497745,0.956055689,0.208841288,-3.671929174
-0.24171907,4.332679457,-0.039296842,-2.419488213,-1.782266147,-4.733123142,-7.706876509,0.470528282,-1.647143991,1.152122496,0.404908095,-3.475862367
-0.38119693,4.403766367,-1.143757946,-2.382406623,-2.478759012,-4.443829659,-7.859415778,-0.225964584,-2.561098412,1.012644637,0.265430235,-3.615340227
-0.155755003,3.555597307,0.166502948,-1.575827252,-1.168498119,-3.805841652,-6.884955535,1.084296309,-1.677609946,1.238086564,0.490872162,-2.91032522
-0.300206818,4.43279674,-0.481211719,-2.440838718,-1.816212785,-4.412391298,-7.58681536,0.436581643,-1.840473271,1.501602987,0.346420347,-2.785113467
-0.206020309,3.344989351,0.176220346,-1.634908068,-1.158780721,-3.741748584,-6.71550195,1.094013708,-1.364262182,1.187821258,0.440606856,-2.786237139
-0.469066867,4.400795874,-1.023988518,-2.251864732,-2.358989585,-4.311888187,-7.653366334,-0.106195156,-1.964182659,1.770997869,0.177560298,-3.703210164
-0.354242527,4.515620213,-0.748821529,-2.574960882,-2.083822595,-3.770200006,-7.682223011,0.168971833,-2.536246369,1.039599039,0.292384638,-3.588385824
-0.62308903,4.510925285,1.362975233,-1.927036951,-2.360995541,-4.725497763,-7.466337787,-0.108201112,-3.135604447,2.162670156,0.023538135,-3.857232327
-0.413889447,3.808288487,-0.599026585,-2.170408331,-1.934027652,-3.66705075,-7.15162974,0.318766777,-1.604416326,0.97995212,0.232737718,-3.648032744
-0.464752291,3.976114843,-0.850934938,-2.011290845,-2.185936004,-3.289696244,-7.157267487,0.066858424,-1.938087441,2.067018667,0.181874873,-3.698895588
-0.445865173,4.533998462,-1.002210313,-2.894453561,-2.337211379,-3.928527328,-8.17079202,-0.084416951,-2.64067304,0.947976393,0.200761991,-3.68000847
-0.651176673,4.727183401,-1.483039155,-2.988218932,-2.818040221,-3.681366113,-8.409138621,-0.565245793,-2.828588787,0.742664894,-0.004549508,-3.88531997
-0.615931985,4.490931341,-0.261041163,-2.267020936,-2.697157649,-4.549403322,-8.033982312,-0.44436322,-2.405423259,1.504331551,0.03069518,-1.309079166
-0.643479581,4.559527605,-1.330328776,-2.776819512,-2.665329842,-3.726686539,-8.216787395,-0.412535414,-2.815285793,0.750361985,0.003147584,-3.877622878
-0.593974947,4.264191753,-1.085686729,-3.058238962,-2.420687796,-4.7207867,-7.895210762,-0.167893367,-2.618872302,0.79986662,0.052652218,-3.828118244
-0.439690383,4.150212331,-0.578405684,-2.505871313,-1.913406751,-4.029366796,-7.639108929,0.339387677,-1.96474034,0.954151184,0.206936782,-2.854392774
-0.535569872,3.664135206,-0.320952371,-2.97301175,-2.063921676,-3.915054978,-7.827077984,0.188872753,-1.467052886,0.858271694,0.111057293,-3.095984075
-0.554920629,3.752415113,-0.3413251,-1.777488696,-2.777441586,-3.105675426,-7.31619142,-0.524647157,-2.085315334,2.455849522,0.091706536,-3.789063926
-0.519385764,4.373466494,-1.271475481,-2.410793815,-2.606476547,-4.516668614,-7.932254733,-0.353682119,-2.250451165,0.874455802,0.127241401,-3.753529061
-0.651019859,4.543619078,-1.310019152,-2.719430192,-2.645020219,-3.728094244,-7.938610238,-0.39222579,-1.936334774,0.742821708,-0.004392694,-3.885163156
-0.467339119,4.330202959,-1.125053891,-2.610342142,-2.460054957,-4.643263668,-7.817687731,-0.207260529,-2.737093848,0.926502448,0.179288046,-3.701482416
-0.560710011,4.439772912,-0.996244777,-2.580903361,-2.331245844,-4.330103215,-7.879220727,-0.078451415,-1.893205785,1.336409974,0.085917154,-3.364070392
-0.42166976,3.945089403,-0.602674661,-2.391575414,-1.937675727,-4.096323507,-7.357758946,0.315118701,-1.611416857,0.972171807,0.224957405,-2.770774868
-0.495980435,4.093922279,-0.645436978,-2.671056779,-1.980438045,-4.306812,-7.79139099,0.272356384,-2.194580635,2.710700117,0.15064673,-3.056394637
-0.54004761,3.807293467,-0.667905041,-2.085041114,-2.002906108,-3.213506366,-7.081077609,0.249888321,-1.568350371,2.335056676,0.106579555,-3.774190907
-0.471798095,4.398064645,-0.747548363,-2.901846914,-2.08254943,-5.218616642,-7.94105558,0.170244998,-2.621232008,0.922043472,0.17482907,-1.940157409
-0.401912514,4.524462437,-1.31065604,-2.356190912,-2.645657107,-5.102392879,-8.363828319,-0.392862678,-3.121391411,0.991929053,0.244714651,-3.636055811
-0.56428422,4.351040894,-0.472300502,-2.702157311,-2.438413358,-4.529008101,-7.94459422,-0.18561893,-1.947709605,1.591697398,0.082342945,-3.29532394
-0.478491452,4.293732818,-1.28962215,-2.550802368,-2.624623216,-4.889105544,-8.063529606,-0.371828788,-2.542068688,0.915350114,0.168135713,-3.712634749
-0.62197847,4.259445093,0.019810418,-2.308070863,-2.416306067,-4.576754404,-8.061333395,-0.163511639,-2.294372019,1.362152892,0.024648695,-3.019873743
-0.480962808,4.722044379,-1.256174942,-2.907028958,-2.591176008,-4.504632413,-8.114374546,-0.33838158,-2.712872943,0.912878759,0.165664357,-3.715106105
-0.554933999,4.795055378,-1.101271907,-2.315044021,-2.436272974,-4.879993378,-7.73596371,-0.183478545,-1.896839887,0.838907567,0.091693166,-3.789077296
-0.502336681,4.477526954,-1.399007626,-2.442312496,-2.734008693,-4.801592933,-8.063028372,-0.481214264,-2.786689913,0.891504886,0.144290484,-3.736479978
-0.619193102,3.970709612,-0.562516925,-1.819651541,-1.661129213,-3.189685381,-7.400201375,-0.458156909,-2.112813079,2.484169836,0.027434063,-3.853336399
-0.473227708,4.537407586,-0.994837083,-2.577581076,-2.32983815,-4.358167245,-7.842746236,-0.077043721,-2.431488458,0.920613859,0.173399457,-3.707371005
-0.455745133,4.584743125,-0.338851701,-2.556311956,-2.304964558,-4.858897049,-7.938010931,-0.052170129,-2.025683705,0.938096434,0.190882032,-3.68988843
-0.461229595,4.285019189,-1.231859819,-2.427215614,-2.566860886,-4.194877532,-8.015928759,-0.314066457,-2.411086232,0.932611972,0.18539757,-3.695372892
-0.58938036,4.347923661,-0.418769959,-2.634380113,-2.161739264,-4.280631999,-7.82974951,0.091055164,-1.632685722,1.757656495,0.057246805,-3.368048129
-0.632867194,3.925782976,-0.760724626,-2.728154744,-2.095725692,-3.315941409,-7.49366758,0.157068736,-2.542751521,0.760974372,0.013759971,-3.867010491
-0.383956208,4.074610504,-0.063750943,-2.082973625,-1.806720248,-4.434348882,-7.290319213,0.44607418,-1.124718694,1.55761554,0.262670957,-2.765322178
-0.573173722,4.832774308,-0.595185319,-2.32039668,-0.880364261,-4.000038851,-7.174462913,0.322608043,-0.955516413,0.820667844,0.073453443,-3.236772161
-0.57473513,3.866132005,-0.601589351,-2.184118246,-1.936590418,-3.339083471,-7.251106477,0.316204011,-1.591775765,2.528627808,0.071892035,-3.808878427
-0.537028666,4.309303577,-1.018061475,-2.79294606,-2.353062542,-4.146088214,-8.058111219,-0.100268114,-2.646853441,1.313571303,0.109598499,-3.245078867
-0.615114113,3.692221629,-0.41953709,-1.844360342,-2.385649946,-3.241954259,-7.109525502,-0.132855517,-1.727826526,2.242748366,0.031513052,-3.84925741
-0.504912078,4.432391943,-0.478054624,-2.614194613,-2.221023929,-4.58363526,-7.845070699,0.031770499,-1.926878353,1.479219284,0.141715087,-3.168510517
-0.692785136,3.614550606,0.420331839,-2.091008068,-2.133567682,-3.317453728,-7.185024971,0.119226746,-1.708015816,2.354619148,-0.046157971,-3.926928433
-0.602215945,3.764543218,0.125729741,-2.104831086,-2.022704672,-3.259796311,-7.171819317,0.230089756,-1.599499981,2.385911729,0.04441122,-3.836359242
-0.556661286,4.654644704,-0.794512152,-2.777618077,-2.760625009,-3.864254175,-7.972987474,-0.50783058,-2.839749858,0.837180281,0.089965879,-3.790804583
-0.560526182,4.074496967,-0.101208116,-3.236635773,-2.403793209,-4.261140089,-8.369873389,-0.15099878,-2.199717053,0.833315384,0.086100982,-3.101522299
-0.655268563,4.282035458,-0.464495392,-2.362869725,-2.430608249,-3.95210493,-7.724365993,-0.17781382,-1.95062493,1.427953701,-0.008641399,-3.318867002
-0.588274113,4.536771532,-0.765129631,-2.626673566,-2.100130697,-4.58676835,-7.665882232,0.152663731,-1.933526385,1.395857249,0.058353052,-3.34284433
-0.61170568,4.686611686,-0.871682482,-2.950225551,-2.614651787,-4.502505049,-8.169405597,-0.361857358,-2.758147819,0.782135886,0.034921484,-3.845848977
-0.443689097,4.161481089,-0.480158776,-3.693038231,-1.815159843,-4.826136695,-8.547104464,0.437634585,-3.126184775,1.858895996,0.202938068,-2.659262813
-0.558791303,3.80796786,-0.607009875,-1.697683707,-2.755444288,-3.140673412,-7.318399583,-0.50264986,-2.075962675,2.341630791,0.087835862,-3.7929346
-0.327646896,3.48906593,0.499603269,-1.802981824,-1.243366036,-4.015954758,-6.738393697,1.009428393,-1.376897428,1.066194671,0.318980269,-2.849594817
-0.646599381,4.268725733,-0.986181707,-3.013446171,-2.321182773,-3.500741298,-8.038470203,-0.068388345,-2.708064522,0.747242186,2.77839E-05,-3.267638205
-0.555916854,4.266317837,-0.99145162,-2.771955578,-2.326452687,-3.968206336,-8.002831664,-0.073658258,-2.726493204,0.837924713,0.090710311,-3.310487071
-0.583828391,4.585277244,0.212459549,-2.188331068,-1.984765028,-4.64791991,-7.727033792,-0.088645544,-1.900648995,2.134272146,0.062798774,-3.817971688
-0.500794454,3.525638903,-0.196820385,-1.624170049,-2.162933241,-3.255586868,-7.327952524,0.089861187,-1.113344425,2.616082203,0.145832711,-3.164392892
-0.595047377,4.565400196,-1.088275459,-2.763746334,-2.423276526,-3.445464819,-8.006183242,-0.170482097,-2.686359671,0.79879419,0.051579788,-3.829190674
-0.542683914,4.600219349,-0.307821969,-2.475563099,-2.273934826,-4.842686713,-7.81644008,-0.021140397,-2.330381089,2.768743469,0.103943251,-3.776827211
-0.578464908,4.799895166,-1.123365001,-2.636927043,-2.458366067,-4.162983347,-7.93524441,-0.205571639,-2.440216749,0.815376659,0.068162257,-3.812608205
-0.491339661,3.708365417,0.046343417,-2.865804682,-2.102090996,-4.075642606,-7.685384739,0.150703432,-1.808989522,0.902501906,0.155287504,-3.032335777
-0.500990018,4.977120459,0.583522147,-1.925595115,-1.613702431,-3.831764935,-7.006188997,0.282417054,-1.377629944,0.892851549,0.145637147,-3.735133315
-0.649678564,4.565751143,0.551523888,-1.96262086,-2.54599108,-4.430720392,-7.580603345,-0.293196652,-2.6061711,1.247441421,-0.003051399,-3.883821861
-0.208901543,4.977298525,0.180638414,-2.663348986,-1.154362653,-4.773562186,-6.936385337,1.098431776,-1.925750043,1.184940023,0.437725621,-3.44304484
-0.580700513,4.535295297,0.660677511,-2.124651684,-1.285232638,-4.983672912,-7.537572433,-0.082260334,-2.190464903,3.440312776,0.476668817,-2.363410147
-0.607528361,3.982374353,-0.957480759,-2.442364424,-2.700450064,-4.025369079,-7.937392085,-0.447655635,-3.171879249,0.786313206,0.039098804,-3.841671658
-0.572323296,4.438311998,-1.110003141,-2.630285806,-2.445004208,-3.92956879,-7.88415141,-0.192209779,-2.187641695,0.821518271,0.074303869,-3.303363015
-0.534078441,4.171896444,-0.679606337,-2.58111274,-2.422575642,-4.030586003,-7.942609008,-0.169781214,-2.889414099,0.859763126,0.112548724,-3.768221738
-0.626411023,4.277740791,-0.969520689,-3.027778521,-2.304521756,-3.573005572,-8.038413816,-0.051727327,-2.75102552,0.767430544,0.020216142,-3.86055432
-0.671818599,5.102638834,0.412810826,-1.753623769,-0.895521993,-4.764623515,-8.106101662,-0.608840421,-2.289378776,2.960570668,-0.025191434,-3.078082121
-0.533406838,4.276557761,-0.825964225,-2.988920189,-2.160965292,-3.791266662,-7.825891989,0.091829137,-2.800867958,0.860434729,0.113220327,-3.312074606
-0.469425501,4.520800921,-1.039895169,-2.905214347,-2.374896235,-4.426683486,-8.147651255,-0.122101807,-2.465847687,0.924416066,0.177201664,-3.703568798
-0.476220761,4.34601393,-0.875803943,-2.332439634,-2.21080501,-3.706155213,-7.478416276,0.041989419,-1.811538359,1.714247034,0.170406404,-2.890923152
-0.430561338,4.354401958,-1.12981764,-2.337239459,-2.464818706,-4.467453326,-7.728888765,-0.212024278,-2.357240125,0.963280228,0.216065827,-3.664704635
-0.565989539,4.713206786,0.903966976,-1.843279305,-2.193547992,-4.837224268,-7.253138046,0.059246436,-2.701368637,1.781047317,0.080637626,-3.344657307
-0.460452935,4.580035322,0.34072499,-2.032654371,-2.095391496,-4.01365584,-7.27509128,0.157402932,-1.481282653,2.118385534,0.18617423,-3.694596232
-0.58072156,4.152281997,1.492241015,-1.573839455,-1.637022651,-3.641304806,-6.79118776,0.615771778,-1.353108451,4.083289126,0.828045657,-2.529666613
-0.627861242,4.469785429,0.14076408,-2.550562971,-2.295352406,-4.610586427,-7.952064574,-0.042557978,-1.573416963,0.765980325,0.018765923,-2.992966692
-0.475024461,5.07628942,0.512685553,-1.770823121,-1.433224596,-3.702344532,-6.781458415,0.462894889,-1.18464806,0.918817106,0.171602704,-3.709167758
-0.573702646,4.272629597,0.016166185,-2.257227102,-2.419950301,-4.479769487,-7.821247634,-0.167155872,-2.688010018,1.410428716,0.072924519,-3.807845943
-0.613329803,4.132918981,-1.069516614,-2.659731491,-2.40451768,-4.059097933,-7.780065702,-0.151723252,-2.21604517,0.780511764,0.033297362,-3.8474731
-0.640173981,4.217992719,-0.616700625,-2.564826341,-2.35966993,-3.930067293,-7.191502733,-0.106875502,-1.371548826,0.753667586,0.006453184,-3.418841749
-0.40083429,3.752350772,0.278212766,-1.972685709,-1.870221647,-3.969239591,-7.143663653,0.382572781,-1.185351313,0.993007277,0.245792875,-3.634977587
-0.495722797,4.062927374,-0.883590363,-2.853757151,-2.21859143,-3.983621984,-7.804673211,0.034202999,-2.633695267,0.89811877,0.150904368,-3.729866094
-0.540803492,4.396500529,-1.04308141,-2.875623961,-2.378082477,-2.638494167,-7.914832627,-0.125288048,-2.50357485,0.853038075,0.105823673,-3.774946789
-0.459388834,4.218806487,-0.954130921,-2.38920965,-2.289131988,-4.147067568,-7.631646558,-0.03633756,-2.27015029,0.934452732,0.187238331,-3.693532131
-0.492192729,4.389230834,-1.026969814,-2.475605082,-2.361970881,-3.908419459,-7.729470686,-0.109176452,-2.399065005,0.901648838,0.154434436,-3.726336026
-0.456974234,4.412888506,-0.959252152,-2.677931025,-2.294253218,-4.152332654,-7.873300423,-0.04145879,-2.396291267,1.626248031,0.189652931,-3.691117531
-0.318691777,3.925465064,0.26169831,-2.031717206,-1.704414546,-3.977627355,-7.152051417,0.548379882,-1.319276822,1.968625844,0.327935388,-3.552835074
-0.437599246,5.101880178,0.102508076,-2.231790538,-2.200077017,-4.578827394,-7.753251456,0.052717411,-2.36160215,0.956242321,0.209027919,-3.671742543
-0.369110763,3.683990841,0.242419565,-2.113452911,-1.723693291,-4.10912457,-7.524710689,0.529101137,-2.25954553,1.024730804,0.277516402,-3.60325406
-0.427939626,4.430227075,-0.924193429,-2.391970316,-2.259194496,-4.195564243,-7.611150362,-0.006400067,-2.323762066,0.965901941,0.218687539,-3.662082923
-0.535868401,4.910084965,-0.00606381,-2.091016845,-1.972176667,-4.262265936,-7.603744083,0.280617762,-1.850481551,0.857973166,0.110758764,-3.770011698
-0.500194543,4.588149735,-1.15016734,-2.660063334,-2.485168407,-4.001905933,-7.913928938,-0.232373979,-2.436919783,0.893647024,0.146432622,-3.208244744
-0.505606246,4.637297016,0.631798847,-2.037435672,-2.209782747,-4.622690295,-7.436101012,0.043011682,-2.360927197,1.391513739,0.141020919,-3.739749543
-0.489387037,3.687328523,-0.301007165,-1.814565584,-2.04397647,-3.067328552,-6.934899795,0.208817958,-1.533398193,2.100880129,0.157240128,-3.723530334
-0.516404808,3.888094682,-0.255754075,-2.137183575,-1.99872338,-3.350206215,-7.217777458,0.254071048,-1.759117441,2.085161912,0.130222357,-3.750548105
-0.522314809,4.036335361,-0.761627682,-2.274491595,-2.096628748,-3.527254564,-7.481837184,0.15616568,-1.59936292,2.291095907,0.124312356,-2.460677753
-0.622579561,4.281572253,-1.311922522,-2.586793586,-2.646923588,-4.311542345,-7.978442892,-0.39412916,-2.389729747,0.771262006,0.024047604,-3.264671794
-0.437100143,4.432762597,-0.011534363,-2.226051936,-2.159968776,-4.333931413,-7.67540956,0.092825652,-1.908448184,1.701181899,0.209527022,-3.240460524
-0.524435304,4.309920748,-0.515717413,-1.842011481,-2.481830269,-3.713813658,-7.380714205,-0.229035841,-2.029474437,0.869406263,0.122191861,-3.758578601
0.664532607,5.511139538,1.155940145,-1.677491515,-1.089486534,-5.057089785,-6.980185257,-0.697444446,-4.561768348,3.501133871,2.521431379,-2.440842844
-0.684926723,4.492762656,1.258446646,-1.51307373,-2.317104122,-4.638859131,-7.05922726,-0.064309694,-2.725209845,1.67649887,-0.038299558,-3.392976924
-0.657287823,5.172103328,0.281495926,-1.694661529,-1.543053366,-4.692391805,-7.994649239,-0.563224613,-2.174695333,3.097549599,-0.010660658,-2.724681026
-0.628175749,4.558024319,-1.287175042,-2.74987825,-2.622176109,-3.488487804,-8.026216709,-0.369381681,-2.576859085,0.765665818,0.018451416,-2.73838895
-0.555582666,4.10842802,-0.685621123,-2.703917074,-1.663947246,-4.007973337,-7.728941106,0.232172238,-2.03975743,0.838258901,0.091044499,-2.180288051
-0.416290503,4.076762385,0.920887217,-2.066610949,-1.718170113,-4.66592795,-7.840352012,0.177949372,-2.458653036,3.201971384,0.230336662,-2.344182147
-0.613419738,4.684897629,-1.33221268,-2.760369178,-2.667213747,-3.629407025,-8.06949746,-0.414419318,-3.134085588,0.780421829,0.033207427,-3.321469939
-0.553098062,4.193150722,-1.293422937,-2.505792598,-2.628424003,-4.031848902,-8.027253516,-0.375629575,-2.946659634,0.840743505,0.093529103,-2.53447839
-0.641003414,4.2631484,-0.80770359,-2.520468464,-2.550672895,-4.312227933,-7.486651995,-0.297878467,-1.382247037,0.752838153,0.005623751,-2.644606879
-0.560926842,4.581976421,-1.222490239,-2.884190274,-2.557491306,-3.620822566,-8.204013846,-0.304696877,-2.950148242,0.832914725,0.085700323,-2.910031951
-0.49966584,4.694973097,-1.118057066,-2.42779275,-2.453058132,-4.121571811,-8.116976426,-0.200263704,-2.818659059,0.894175726,0.146961324,-3.278333609
-0.512960167,4.309274524,-1.2881723,-2.316648207,-2.623173367,-4.331551227,-7.880668739,-0.370378939,-2.394609748,0.8808814,0.133666998,-3.053956283
-0.468197863,4.435953951,-0.98093144,-2.663770912,-2.315932506,-3.641305269,-8.055420218,-0.063138078,-2.836240172,0.925643704,0.178429302,-2.971453651
-0.561221465,4.633417472,0.125811114,-2.266274854,-2.428088407,-4.743576905,-7.918000967,-0.175293978,-2.035526704,1.312909002,0.0854057,-2.735973187
-0.459495128,4.466879823,-1.060353874,-2.65759844,-2.395354941,-4.335244602,-7.944986736,-0.142560513,-2.364436902,1.391104841,0.187132037,-3.059914665
-0.611536292,4.303788822,-1.188994109,-2.793905982,-2.523995175,-2.259823496,-8.013086028,-0.271200747,-3.304731606,0.782305274,0.035090873,-3.845679589
-0.500307831,4.259013035,-0.972095582,-2.622099313,-2.307096648,-3.813493335,-7.768075955,-0.05430222,-2.572706558,0.893533736,0.146319334,-3.734451128
-0.574345852,4.000052675,-0.757419006,-2.293800092,-2.092420073,-3.597206793,-7.464778036,0.160374356,-1.782974468,2.821788227,0.072281313,-2.612238391
-0.571588659,4.309834904,-0.889741593,-2.941084457,-2.224742659,-3.819634861,-7.892000516,0.028051769,-2.319681181,0.822252908,0.075038506,-2.468708643
-0.578909416,4.127065469,-0.648901788,-2.419223866,-2.391871093,-3.48146851,-7.59020181,-0.139076664,-1.823240434,1.465846568,0.067717749,-3.813052713
-0.54946526,4.248076819,-0.992993673,-2.565945982,-2.32799474,-3.43094342,-7.673208112,-0.075200312,-2.592614229,0.844376307,0.097161905,-3.783608557
-0.517833878,4.462029758,-0.866211335,-2.950346864,-2.201212401,-3.628678958,-7.931568273,0.051582027,-2.445509282,0.876007689,0.128793287,-3.118253415
-0.622098718,4.621730463,-1.239152151,-2.858466774,-2.574153217,-3.87611,-8.053836171,-0.321358789,-2.93350196,0.771742848,0.024528447,-3.856242015
-0.354001878,3.993339199,-0.559547888,-2.110353076,-1.894548955,-3.733975623,-7.149561742,0.358245474,-1.84043346,1.670951478,0.292625287,-3.157362259
-0.592330855,4.277531886,-1.113940229,-2.671672391,-2.448941296,-3.492652943,-7.765689294,-0.196146868,-2.344769606,1.391800507,0.05429631,-3.095586643
-0.589871155,4.302981103,-1.131889402,-2.723800882,-2.466890468,-3.344627401,-7.882356306,-0.21409604,-3.028290073,0.803970412,0.05675601,-3.190290692
-0.591081503,4.378310833,-1.059768476,-2.710483129,-2.394769543,-3.540831431,-7.843720745,-0.141975114,-2.15453707,0.802760064,0.055545662,-3.299131704
-0.590023299,4.347280722,-1.216403915,-2.757806352,-2.194730037,-3.776375932,-8.216466368,-0.298610553,-2.54958845,0.803818267,0.056603866,-3.2980735
-0.436692015,4.056360872,0.409606345,-1.351231214,-2.026510141,-3.612994313,-6.692108195,0.226284288,-1.055767001,0.957149551,0.20993515,-3.670835312
-0.619432352,4.411203609,-1.18990202,-2.301269376,-2.524903087,-3.254374081,-7.496638774,-0.272108658,-1.814835206,0.774409215,0.027194813,-3.39810012
-0.411145962,4.115243346,0.087751091,-1.53762715,-1.878361765,-3.862191149,-6.835944516,0.374432663,-1.358935361,0.982695605,0.235481203,-3.645289259
-0.490629923,3.932218706,-0.093281783,-1.55321639,-2.241716197,-3.761490803,-6.840604686,0.011078232,-1.586739082,0.903211643,0.155997241,-3.72477322
-0.540629475,4.385745475,-0.926812121,-2.450228237,-2.261813188,-3.293315565,-7.596204879,-0.00901876,-1.878033667,0.853212092,0.10599769,-3.774772772
-0.483166846,4.537518784,-0.951853819,-2.652547023,-2.286854886,-4.087631549,-7.859892612,-0.034060457,-1.83633975,0.910674721,0.163460319,-3.237737063
-0.538810393,4.481875237,-0.963045604,-2.709204809,-2.29804667,-3.332393401,-7.719840103,-0.045252242,-2.389434422,0.855031174,0.107816772,-3.77295369
-0.598865259,4.461041085,-1.19289804,-2.746465991,-2.527899107,-3.958406965,-7.953811579,-0.275104678,-2.221455732,1.385266103,0.047761906,-2.346172965
-0.605737851,4.404897443,-1.212024019,-2.656891469,-2.547025086,-3.08674803,-7.852260866,-0.294230657,-2.051851556,0.788103716,0.040889314,-3.839881148
-0.524497736,4.018152093,-0.856987833,-2.378991214,-1.835313956,-3.600205825,-7.512228831,0.060805529,-1.515344216,1.851112492,0.122129429,-3.303165504
-0.558195885,4.161384652,-1.205574647,-2.748095454,-2.540575714,-3.241529335,-8.078501135,-0.287781285,-2.984484232,0.835645682,0.08843128,-3.792339182
-0.494691725,4.302850353,-0.836039276,-2.461188508,-2.171040343,-3.734154184,-7.555205411,0.081754086,-1.7482387,0.899149842,0.15193544,-2.943880292
-0.628843608,4.468803063,-1.190862521,-2.881713109,-2.525863588,-3.11532796,-7.934908017,0.228706629,-2.513988329,0.764997959,0.017783557,-3.862986905
-0.630741334,4.494304311,-1.125483422,-2.95652015,-2.460484488,-3.369052425,-7.995728817,-0.20769006,-3.141662583,0.763100232,0.015885831,-3.864884631
-0.611401566,4.368462069,-1.150529637,-2.49717167,-2.485530704,-3.012335695,-7.617505881,-0.232736276,-2.386629796,0.78244,0.035225599,-3.845544863
-0.632627296,4.304676725,-1.292909463,-2.503076064,-2.62791053,-3.646639741,-7.79046436,-0.375116102,-1.99005505,1.330450656,0.013999869,-3.866770593
-0.691806813,4.223518301,-0.9756691,-2.386810614,-2.718638405,-3.268358398,-7.758459254,-0.465843976,-2.471070958,0.702034753,-0.045179648,-2.866558535
-0.679021117,4.290371219,-1.296074549,-2.550756402,-2.631075616,-3.546184454,-7.849073768,-0.378281187,-2.4875775,1.122788688,-0.032393952,-3.259237946
-0.651079165,4.526610214,-0.7117979,-2.27480581,-2.454767205,-3.800862113,-7.573123176,-0.201972776,-1.620444654,1.57272505,-0.004452,-3.454439546
-0.682661657,4.600388237,-1.333928953,-2.912512712,-2.66893002,-3.785453003,-8.058489354,-0.416135591,-3.238909297,0.71117991,-0.036034492,-3.916804954
-0.750193973,4.501603378,-1.525406106,-2.841627279,-2.860407173,-3.799467013,-8.072503364,-0.607612745,-3.033294698,0.643647594,-0.103566808,-3.98433727
-0.718001181,4.21930284,-0.897192845,-2.600515014,-2.64016215,-3.745647318,-7.854380618,-0.387367722,-2.122024771,1.346172888,-0.071374017,-3.952144478
-0.651121999,4.43722228,-1.286743604,-2.776393663,-2.621744671,-3.715941257,-8.018830571,-0.368950242,-2.480127847,0.742719568,-0.004494834,-3.192118115
-0.577163352,4.682539178,-1.315118557,-2.700125132,-2.650119624,-4.144688401,-8.140093015,-0.397325196,-2.503751821,0.816678215,0.069463813,-3.811306649
-0.580390508,4.241844183,-0.874798035,-2.603155873,-2.209799101,-3.182974368,-7.697172776,0.042995327,-2.489827188,0.813451058,0.066236656,-2.728824922
-0.677450424,4.203973138,-1.302503899,-2.587248324,-2.637504966,-3.58742054,-7.829685233,-0.384710538,-1.811409428,1.478531195,-0.030823259,-3.911593721
-0.434309548,4.155593166,-0.888922794,-2.421841372,-2.223923861,-3.680302362,-7.675706976,0.028870567,-2.366578693,0.959532019,0.212317617,-3.668452845
-0.481106957,4.197088364,-0.747396417,-2.497687582,-2.082397483,-3.524840906,-7.668665526,0.170396945,-1.842280729,3.463705872,0.165520208,-2.846212407
-0.628008429,4.194226262,-1.035876662,-2.695113919,-2.014202785,-3.402054422,-7.76210215,-0.1180833,-1.988361087,0.765833138,0.018618736,-3.862151726
-0.609068078,4.306257036,-1.230129532,-2.750105637,-2.565130599,-3.558322147,-8.048423003,-0.31233617,-2.627503315,0.784773488,0.037559087,-3.843211375
-0.619498888,4.370727535,-1.117262125,-2.653117245,-2.095588248,-3.265295363,-7.848486642,-0.199468763,-2.068011547,0.774342679,0.027128277,-3.853642185
-0.589268917,4.431416713,-1.152701258,-2.553079124,-2.487702325,-3.457535398,-7.760424713,-0.234907896,-1.960015402,0.80457265,0.057358248,-3.823412214
-0.549458509,4.387845512,-1.211021906,-2.361020606,-2.546022973,-3.522153251,-7.732669245,-0.293228544,-2.402263564,0.844383058,0.097168656,-3.783601806
-0.4985393,4.347792943,-1.116930525,-2.133113186,-2.451931592,-2.885852463,-7.705432521,-0.199137163,-2.921570546,0.895302267,0.148087865,-3.732682597
-0.641740194,4.4277356,-1.152986782,-2.941746966,-2.487987848,-3.29842191,-8.10030239,-0.23519342,-3.061093723,0.752101373,0.004886971,-3.163688115
-0.544518777,4.414291449,0.103108888,-2.731693018,-2.199476205,-3.49383307,-8.008031478,0.053318224,-2.606529875,3.231372054,0.102108388,-2.925884748
-0.537754986,4.587290659,0.180556168,-2.794603008,-2.255560318,-3.834621133,-8.324721989,-0.002765889,-2.923220386,2.873492731,0.108872178,-1.798886205
-0.570232101,4.450453529,-0.937690796,-2.38433273,-1.916016919,-3.377584503,-7.555310674,-0.019897434,-2.069251683,0.823609466,0.076395064,-3.804375398
-0.557096675,4.301070026,-0.933109742,-2.542922802,-2.268110808,-3.511173273,-7.688899444,-0.01531638,-1.702884502,1.730220946,0.08953049,-3.791239972
-0.562018985,4.272337067,-0.594389365,-2.29632588,-2.33735867,-3.83677092,-7.503671468,-0.084564242,-2.272795382,2.771267191,0.08460818,-3.796162282
-0.555681554,4.314181186,-0.492581997,-2.365418,-2.235551302,-3.824033023,-7.596294086,0.017243126,-2.30890579,2.923224812,0.090945611,-3.789824851
-0.487267103,4.965200944,-1.232314536,-2.625042167,-2.567315603,-3.971062629,-7.692030397,-0.314521175,-2.393713031,0.906574464,0.159360062,-3.7214104
-0.49740677,4.730293029,-1.181755963,-2.866902568,-2.51675703,-4.090678,-8.086082614,-0.263962601,-2.809744155,1.304403035,0.149220395,-3.731550067
-0.564903423,4.344850646,-1.027359847,-2.547283252,-2.362360914,-3.760825508,-7.795450835,-0.109566485,-2.735335484,0.828938143,0.081723742,-3.79904672
-0.539359369,4.54898491,-1.038629766,-2.761136029,-2.373630832,-3.326943787,-7.932113973,-0.120836404,-2.950892564,0.854482198,0.107267796,-3.773502666
-0.546219998,4.614227575,-0.802372703,-2.520851187,-2.545342008,-4.048796065,-7.960819071,-0.292547579,-2.242647858,1.350899987,0.100407167,-3.780363295
-0.55437143,4.255593169,-1.071552753,-2.352931254,-2.40655382,-3.240234449,-7.5721113,-0.153759392,-2.306946141,0.839470137,0.092255735,-3.788514727
-0.579183824,4.084826862,-0.406614559,-2.20633067,-2.149583864,-2.698807155,-7.48266913,0.103210565,-2.071411352,0.814657743,0.067443341,-3.813327121
-0.518845626,4.339321074,-0.893153663,-2.556197478,-2.22815473,-3.682208741,-7.636791361,0.024639699,-2.225533583,0.874995941,0.127781539,-3.752988923
-0.638243478,4.309871459,-1.136006715,-2.801997445,-2.471007782,-4.005970249,-7.960552869,-0.218213353,-2.121429047,1.324834475,0.008383687,-3.441603859
-0.58976716,4.314384654,-1.050659861,-2.733189031,-2.385660928,-3.292804819,-7.853523242,-0.1328665,-2.555205876,0.804074407,0.056860005,-2.751273654
-0.587704878,4.22225972,-0.970509143,-2.494825325,-2.30551021,-3.532068667,-7.640801967,-0.052715781,-1.795368975,1.457051105,0.058922286,-3.821848175
-0.471420306,3.914387052,-0.153031573,-2.056357992,-2.119144429,-3.592592501,-7.202334634,0.13365,-1.484163422,1.918176164,0.175206859,-3.705563603
-0.624922301,4.500123344,-1.146531676,-3.051109216,-2.481532742,-3.596336267,-8.06174451,-0.228738314,-2.710504742,1.615142435,0.021704864,-3.859065598
-0.319795481,3.706637875,0.675538458,-1.531066588,-1.627046635,-3.61050813,-6.689622012,0.625747793,-1.249654129,1.074046085,0.326831684,-3.553938778
-0.502663327,3.37858802,-0.492612991,-1.89725649,-1.827614057,-2.80662678,-6.950451399,0.425180371,-1.403237985,0.89117824,0.143963838,-3.736806624
-0.486206267,3.064803393,-0.510642107,-1.830545746,-1.845643174,-2.973609797,-6.84118104,0.407151254,-1.302478316,2.388898019,0.160420898,-3.720349564
-0.332853247,3.579169758,-0.619839589,-1.740582889,-1.954840656,-3.627652538,-7.112231529,0.297953773,-2.258165295,1.984769723,0.313773918,-3.566996544
-0.693411784,3.711087707,-0.501039891,-1.729827865,-1.887334252,-3.2164702,-7.799661479,-0.684361948,-2.719067596,2.549417282,-0.046784619,-3.378989129
-0.481832412,3.67135265,-0.568303643,-1.528597236,-2.5344165,-3.173753231,-7.446789582,-0.281622071,-1.014268982,2.322445821,0.164794753,-2.966739062
-0.585102388,4.284760352,-1.002822918,-2.414496359,-2.337823984,-3.880833428,-7.701884655,-0.085029556,-1.92140956,1.776323205,0.061524777,-3.819245685
-0.359208284,3.314403698,0.396452802,-2.02497093,-1.751981611,-3.300039656,-7.021007424,0.500812817,-1.44045759,2.084455407,0.287418881,-1.733454307
-0.624857758,3.779641732,-0.19524339,-1.958542169,-2.161356246,-3.13126243,-7.165887757,0.091438182,-1.744968069,2.408053519,0.021769407,-3.074046325
-0.363460669,3.347891641,0.094962276,-2.346796978,-1.87115058,-4.067460525,-7.677202659,0.381643848,-2.025476546,2.15618893,0.283166496,-3.16682105
-0.518094036,4.291870563,0.217282379,-2.13707997,-2.218834106,-4.591214961,-7.765639024,0.033960322,-1.807326684,1.799528935,0.128533129,-3.752237333
-0.636919918,4.505983345,0.294992195,-2.244818184,-2.258907326,-3.382651186,-7.3780558,-0.006112898,-1.611094424,2.050721412,0.009707247,-3.871063215
-0.498057727,4.274166543,-0.129425869,-2.211655435,-2.095538725,-4.12119794,-7.382633379,0.157255703,-1.835419965,2.542126309,0.148569438,-3.732201024
-0.612103289,4.107477248,-0.960480746,-2.606604479,-2.295481813,-3.429804788,-7.789852516,-0.042687385,-2.016111452,1.372028072,0.034523876,-3.297680635
-0.246958444,3.882129067,-0.598832408,-2.18553565,-1.933833474,-4.488120743,-7.210559681,0.318960954,-1.478203834,1.146883123,0.399668721,-3.481101741
-0.211613219,2.768851583,-0.188952375,-1.66289243,-1.523953442,-4.060787703,-6.783226641,0.728840987,-0.996062558,1.590196586,0.435013946,-3.445756516
-0.374415425,3.754672085,-0.542920164,-1.95457164,-1.87792123,-3.638117525,-6.979595672,0.374873198,-1.493536681,2.192862222,0.27221174,-3.608558722
-0.597238784,4.443249473,0.652603454,-1.897632263,-1.139156015,-4.212639876,-6.722864333,0.063816289,-1.582551216,3.212785053,0.049388381,-2.546183837
-0.303489926,3.247519734,-0.320635333,-1.870789188,-1.6556364,-3.311150771,-6.978051318,0.597158028,-1.701712858,2.153245846,0.343137239,-3.537633223
-0.352062649,3.701038955,-0.146064505,-1.856814924,-1.481065572,-3.518212575,-7.002791566,0.771728857,-0.61313467,3.088743871,0.294564516,-3.586205946
-0.514303561,4.245017305,-1.404883116,-2.44254297,-2.739884183,-4.479424897,-7.453178264,-0.487089754,-1.049028361,1.955335617,0.132323604,-2.981191705
-0.371003515,4.33497137,-0.584597858,-2.13053879,-1.919598924,-3.822214801,-7.23780092,0.333195504,-1.751741929,2.123953471,0.27562365,-2.629136845
-0.437439498,4.197583651,-0.956099019,-2.133877293,-2.291100085,-4.201890139,-7.376314202,-0.038305657,-1.512189077,2.300463666,0.209187667,-3.671582795
-0.447620107,3.145949167,-0.181949631,-1.872375784,-1.516950698,-2.824384598,-6.691955841,0.735843731,-1.393638474,2.917583672,0.199007058,-3.681763404
-0.4850215,3.568080104,-0.668094654,-1.922144762,-2.003095721,-3.087896353,-7.042478973,0.249698708,-1.556419982,2.448190417,0.161605665,-3.719164797
-0.347612565,3.896544275,-0.403040159,-2.252522132,-1.738041225,-4.085103596,-6.941073927,0.514753203,-1.194731838,1.046229002,0.2990146,-3.581755862
-0.505960698,4.129062452,0.3461236,-2.26954929,-2.089992886,-4.562084047,-7.641197929,0.162801542,-1.546549146,1.855464895,0.140666467,-3.740103995
-0.49099722,3.708707858,0.233764475,-1.550571636,-1.732348382,-3.901946893,-6.981060775,0.520446047,-0.886411992,0.902844347,0.155629945,-3.199047421
-0.350769697,3.893387144,0.379456492,-2.148479171,-1.586656364,-4.329703407,-7.052142346,0.666138064,-1.25833372,1.04307187,0.295857468,-2.951189234
-0.576017097,4.444668533,-1.016355715,-2.348948744,-2.351356782,-4.640360536,-7.614113903,-0.098562353,-1.847152527,1.614450698,0.070610068,-3.810160394
-0.528156261,4.231164604,0.055120588,-2.492379834,-2.498778933,-4.348677825,-7.833256815,-0.245984505,-1.773524297,2.48261389,0.118470904,-3.050104183
-0.558737354,3.999912816,-1.117923404,-1.797111585,-2.452924471,-3.63539107,-7.050977189,-0.200130043,-1.224592393,1.291862615,0.087889811,-3.362097735
-0.520720177,2.98583772,-0.716113816,-1.653273699,-2.051114882,-2.948596282,-6.860619288,0.201679546,-1.304967005,2.59615648,0.125906988,-3.754863474
-0.50626709,3.464596415,-0.426149192,-1.676092007,-1.761150259,-3.062386369,-6.883437596,0.49164417,-1.201634028,0.887574476,0.140360074,-3.740410387
-0.579918715,3.39094479,-0.616388395,-2.022652482,-1.951389462,-2.69110705,-7.181207906,0.301404967,-1.651088926,1.876817057,0.066708449,-3.814062012
-0.514548677,3.51188468,-0.281354789,-1.700102895,-2.024324094,-3.556400886,-7.040979876,0.228470334,-1.093967092,1.846876916,0.132078488,-3.748691974
-0.633130075,4.509773188,-0.490690551,-2.478261035,-2.100128463,-4.018706076,-7.280141515,-0.204008979,-1.267170763,2.399781202,0.01349709,-3.867273372
-0.504326291,3.437549678,-0.592089265,-2.063849269,-1.927090332,-2.768557272,-7.306286177,0.325704097,-1.750633895,0.889515276,0.142300874,-3.738469588
-0.566964559,3.740371183,0.099151283,-1.987660347,-2.049283131,-3.91555199,-7.464669502,0.203511298,-1.007968103,2.413500243,0.079662606,-3.230562997
-0.451200429,3.9716482,0.130763222,-1.627921535,-2.017671191,-4.185148847,-7.264262729,0.235123238,-1.450781337,1.511877524,0.195426736,-3.685343726
-0.564045108,4.446590186,-1.101724953,-2.519642404,-2.43672602,-4.140776357,-7.75051849,-0.183931591,-2.161805345,0.829796458,0.082582057,-3.249622454
-0.544790739,3.677387194,0.288768595,-2.171861745,-1.859665818,-3.244498547,-7.279123875,0.39312861,-1.907475235,2.952634674,0.101836426,-3.778934036
-0.55762132,4.214602951,0.43285431,-2.301952904,-2.321715907,-4.480485349,-7.741920788,-0.068921478,-1.652186019,2.28269685,0.089005845,-3.178660144
-0.561237325,3.320014022,0.324281748,-2.195205235,-1.824152665,-2.665208864,-7.248400144,0.428641763,-1.36592588,0.832604242,0.08538984,-3.010425892
-0.618221965,4.285929849,0.047893877,-2.16456032,-2.100540537,-3.050079394,-7.323115745,0.152253892,-1.792996764,2.089828236,0.0284052,-3.852365262
-0.568157722,3.343865283,-0.467453018,-1.86262142,-2.210422323,-2.615192021,-7.283541109,0.042372105,-1.882039506,1.939221783,0.078469442,-3.802301019
-0.582204,3.200607274,0.13171748,-1.919407476,-1.834395377,-2.965376031,-7.000001359,0.418399052,-1.333123441,2.567678953,0.064423165,-3.816347297
-0.404506959,3.795198119,0.59338126,-1.701027511,-1.709203833,-3.075893176,-6.943464419,0.543590595,-1.52254473,1.515085882,0.242120206,-2.332398603
-0.469680862,3.313130412,0.135180754,-2.303908029,-1.607788551,-3.345361904,-7.299944524,0.645005878,-1.744292241,1.594493208,0.176946303,-3.155258207
-0.642515549,4.116805317,0.328125778,-2.083637711,-2.331134259,-3.309589422,-7.381955078,-0.07833983,-2.041078097,2.807952882,1.025762864,-3.242935085
-0.450471292,3.399031357,-0.069357275,-1.601043319,-2.217791688,-3.392802789,-7.260374031,0.035002741,-1.639658155,0.943370275,0.196155873,-3.684614589
-0.453044033,3.220567949,0.198193745,-1.915797301,-1.767919112,-3.243595455,-7.111166698,0.484875317,-1.770289717,1.90838156,0.193583132,-2.31055488
-0.691050302,5.302306394,-0.775703901,-2.796546512,-1.979676706,-4.089314815,-7.504900934,-0.489022329,-2.06022716,1.159549668,-0.044423137,-3.097313824
-0.440648216,4.393707836,0.661369866,-1.924781203,-0.842707531,-4.097004478,-7.070757845,0.360264773,-1.442198792,1.934962012,0.205978949,-3.082740449
-0.41510797,3.178461304,-0.296629204,-1.982890207,-1.631630271,-2.580727208,-6.853763559,0.621164158,-1.281444224,0.978733596,0.231519195,-3.649251267
-0.371192897,3.340159413,0.160856364,-1.942745674,-1.805256493,-3.071210926,-6.938782169,0.447537936,-1.325971472,1.02264867,0.275434268,-3.034791335
-0.475210086,3.551223271,-0.891295292,-1.712057599,-2.226296359,-3.047058666,-7.224784837,0.026498069,-1.959619678,0.918631481,0.171417079,-3.709353383
-0.341732388,2.964154814,0.189219224,-1.676382516,-1.145781843,-2.392002552,-6.259573795,1.107012586,-0.858072192,1.052109179,0.304894777,-3.575875685
-0.280790612,4.293607915,1.331317529,-1.937748041,-0.172759868,-4.134972618,-6.990942949,1.030212436,-1.504883958,2.226588893,0.365836553,-2.901829436
-0.515261804,3.613825707,0.043354484,-1.762456739,-2.510545038,-3.058600003,-7.202424623,-0.257750609,-2.191789329,3.022618564,0.131365361,-3.749405101
-0.386734711,3.206834563,-0.216668576,-2.023110857,-1.194994699,-3.212694924,-7.033746151,0.701124786,-1.713922579,1.618015938,0.259892454,-2.987154248
-0.556304544,3.893451538,0.137242717,-0.981349799,-1.924180319,-3.692646756,-6.764364937,0.328614109,-1.187618703,3.595689333,1.913334634,-1.599654154
-0.335935341,3.908221499,0.207413474,-2.040111841,-1.402024438,-4.342696934,-7.065135873,0.494095046,-1.158708369,1.057906226,0.310691824,-3.021512686
-0.387444936,3.959896141,-0.224631846,-2.15276026,-1.967601151,-3.423985291,-7.336008296,0.285193278,-1.71529242,1.63750842,0.259182229,-3.621588233
-0.351893105,4.08897403,0.028255195,-2.411366874,-1.937857661,-4.544875637,-7.518629004,0.314936768,-2.023601343,1.041948462,0.29473406,-3.130560873
-0.385017936,3.814687142,-0.59258211,-2.189929966,-1.927583176,-4.05471457,-7.229138633,0.325211252,-1.808218944,1.008823631,0.261609229,-3.116057655
-0.460699982,3.943799509,-0.58637162,-2.38973383,-1.921372687,-4.248632602,-7.510068041,0.331421742,-1.913257686,2.431353862,0.185927183,-2.662480376
-0.732950341,4.171201473,-0.745965278,-2.339330953,-2.488934583,-3.57902184,-7.446593083,-0.236140155,-2.275615139,3.371444557,0.515474226,-2.066134877
-0.48515019,4.337084501,0.026876154,-2.151979047,-1.939236702,-3.387450519,-7.382855133,0.313557727,-1.802305299,1.876275403,0.161476975,-2.157108459
-0.332903365,3.548347982,0.045707522,-1.624972894,-1.289293544,-3.011267255,-6.560384767,0.963500884,-0.786643704,1.586689476,0.3137238,-3.567046662
-0.670792362,4.298599973,-0.876338372,-2.26770775,-2.211339439,-3.443281079,-7.438685694,0.04145499,-2.140368327,3.162449765,-0.024165197,-3.904935659
-0.500475141,3.95809157,-0.83828912,-2.597645911,-2.173290187,-4.462430516,-7.636854578,0.079504242,-2.141826917,0.893366425,0.146152023,-3.080691971
-0.43624577,4.153656944,0.40851531,-1.592525897,-1.200922602,-4.451547125,-7.425300492,0.002049702,-1.598915695,2.198473158,0.210381395,-2.610997492
-0.329743046,3.343868936,-0.131353081,-2.118519346,-1.874322386,-3.889225406,-6.745195737,0.378472043,-1.259136747,1.064098521,0.316884119,-3.108410814
-0.368027355,3.939308387,-0.252616503,-1.995935153,-0.945763684,-3.769002489,-6.742755856,0.25720862,-1.12203998,1.025814212,0.27859981,-3.602170652
-0.448128904,3.879409545,0.504751719,-2.274652053,-1.797833374,-3.521184472,-7.433207478,0.454961054,-1.75140391,1.690153137,0.198498261,-3.682272201
-0.322560338,3.351051644,-0.48896644,-1.741225079,-1.823967506,-3.255352812,-6.429776874,0.428826922,-0.778050762,2.425099001,0.324066827,-2.943599162
-0.365086131,4.020721227,-0.988810702,-2.562738751,-2.323811769,-5.174645091,-8.030615423,-0.07101734,-2.648916447,1.028755436,0.281541034,-3.599229428
-0.627815638,4.566823299,-1.007230069,-2.717009471,-1.292409011,-4.731912492,-7.811026374,-0.089436707,-2.730432491,3.471566718,0.480846987,-2.945668203
-0.650952421,4.500761472,-0.943509808,-2.670708511,-1.92183593,-4.576878331,-7.751302394,-0.025716446,-2.379653754,3.034131962,0.457710204,-2.984309172
-0.482842687,3.803873768,-0.516917156,-2.405769645,-1.851918222,-3.181608542,-7.325433161,0.400876206,-1.673707049,0.91099888,0.163784478,-3.716985984
-0.448287648,4.110362522,-0.983064733,-2.352451731,-2.3180658,-4.045771127,-7.594888639,-0.065271372,-2.275065067,0.945553919,0.198339517,-3.682430945
-0.416266222,3.783438856,-0.561440103,-2.048939776,-1.89644117,-3.584269716,-6.999855835,0.356353259,-1.186374443,0.977575345,0.230360943,-3.650409519
-0.533167378,4.199836179,-1.116180764,-2.70559081,-2.451181831,-4.520880776,-7.936466895,-0.198387402,-2.211178216,0.860674189,0.113459787,-3.311835146
-0.520120617,4.100087446,-0.643601674,-2.435551384,-1.978602741,-3.953422103,-7.502539615,0.274191688,-1.220679289,1.767197004,0.126506548,-3.754263914
-0.414325152,3.402387674,-0.238359295,-1.881830769,-1.573360361,-3.560261552,-6.975847672,0.679434067,-1.584198365,2.526918936,0.232302013,-3.217685533
-0.325325604,4.11554153,-1.033176188,-2.241267343,-2.368177255,-5.044627724,-7.612915983,-0.115382826,-2.429667946,1.068515962,0.321301561,-3.559468901
-0.701757855,4.132598197,-0.595563659,-2.39467149,-2.338532964,-3.792800308,-7.613851536,-0.085738535,-2.304723253,2.620658649,0.455694934,-3.480425623
-0.300447716,3.293121558,0.06469152,-1.844265442,-2.083742893,-3.951105957,-6.924859324,0.169051536,-1.648520864,1.093393851,0.346179449,-3.534591013
-0.378766256,3.620268127,-0.042523993,-1.699747602,-1.785493298,-3.880971838,-6.603410777,0.467301131,-1.163442893,1.015075311,0.267860909,-3.612909553
-0.310849673,3.715583684,-0.74958957,-1.687093698,-2.084590636,-3.801626559,-6.524065498,0.168203792,-1.204241926,1.082991894,0.335777492,-3.54499297
-0.360289369,4.385959415,0.006435911,-2.140113488,-2.141998502,-4.964887963,-7.687326902,0.110795926,-2.504078865,1.033552198,0.286337796,-3.594432666
-0.343248933,3.655785449,-0.443546654,-1.465197902,-2.186515959,-3.795953872,-6.51839281,0.066278469,-1.335144774,1.050592634,0.303378232,-3.57739223
-0.548105899,3.717557147,0.502287818,-1.968341493,-1.800297275,-3.066953782,-6.888005009,0.452497153,-1.729449585,2.795933069,0.098521266,-3.782249196
-0.265255,3.733779382,-0.35956468,-1.693867011,-2.102533985,-3.875091247,-6.597530186,0.150260444,-1.21583121,1.128586566,0.381372165,-3.499398297
-0.274937223,3.637085782,-0.22683882,-1.363499176,-2.192951676,-3.614790975,-6.470761306,0.059842752,-1.417566397,1.118904344,0.371689942,-3.50908052
-0.248809713,3.663213292,0.856999843,-2.007098572,-1.44558525,-4.337854542,-7.060293481,0.807209178,-1.772905185,1.145031854,0.397817452,-3.48295301
-0.587597278,4.631939211,-1.177512003,-2.652534133,-2.512513069,-3.674185381,-7.746551036,-0.259718641,-2.639288906,0.806244289,0.059029887,-3.821740575
-0.302352413,4.287550301,-0.035256974,-1.993026019,-1.778226279,-4.332425085,-7.188395416,0.474568149,-1.56767954,2.821213232,0.344274752,-2.620204978
-0.461442896,4.188179053,-0.546930556,-2.433810125,-1.881931623,-3.951680844,-7.500798356,0.370862806,-1.140773258,2.12882427,0.185184269,-2.559233576
-0.427321886,4.33199898,-0.439577308,-1.848967567,-0.72475625,-3.126628087,-6.736370221,0.478216054,-1.24134256,0.966519681,0.219305279,-3.661465183
-0.537016032,3.989373277,-1.076144103,-2.627261074,-2.054470225,-4.202797434,-7.869697982,-0.158350741,-2.348237064,0.856825535,0.109611133,-3.3156838
-0.587529048,4.090666273,-1.018236773,-2.563201943,-1.996562896,-3.227361587,-7.559238438,-0.100443411,-2.250110155,0.806312519,0.059098117,-3.821672345
-0.286025014,3.76707659,0.441465195,-2.084901951,-1.524647661,-4.231482795,-7.205236162,0.728146767,-1.666533438,1.107816553,0.360602151,-2.886444551
-0.384271548,4.020227943,-1.224736233,-2.313939391,-2.5597373,-4.598175345,-7.772599407,-0.306942871,-2.733390741,1.009570019,0.262355617,-3.092321749
-0.453414176,4.279589381,-0.626103021,-2.351195481,-1.961104088,-4.222997658,-7.30211154,0.291690341,-2.194849411,1.770390039,0.193212988,-3.256774557
-0.385282932,3.397528341,0.315251467,-1.587173571,-1.65086139,-3.627394399,-6.968872546,0.601933039,-1.73799646,1.008558634,0.261344232,-3.139853149
-0.689407188,4.030173349,-1.197673148,-2.34346803,-2.532674214,-4.417687627,-7.679123067,-0.279879786,-2.202113911,1.25216456,-0.042780023,0.903377678
-0.665877357,4.485836535,-1.196284442,-2.753753377,-2.531285509,-3.867403543,-7.734974786,-0.278491081,-1.995601367,0.72796421,-0.019250192,-3.30796959
-0.593705317,4.416929977,-1.027633657,-2.419687274,-2.362634724,-4.329229779,-7.590665218,-0.109840295,-2.219016579,1.544576725,0.052921848,-2.942810426
-0.392302008,3.242089261,-0.673686095,-1.816402055,-2.008687161,-3.668786146,-6.524756477,0.244107267,-1.471561568,1.001539558,0.254325157,-2.024729439
-0.453721487,3.913037676,-0.023092405,-2.345778677,-0.716239585,-3.80106591,-7.216652029,0.486732719,-1.112247071,2.629022164,0.95504573,-1.49922395
-0.458871264,3.785285577,0.066459046,-2.185653297,-1.542978866,-3.559368876,-7.331629939,0.353140618,-1.334745324,1.781193472,0.187755901,-3.693014561
-0.439898544,4.266076341,-0.212935207,-2.338296193,-1.955904512,-3.763305067,-7.484272835,0.296889917,-1.920252303,3.10675381,0.206728621,-2.924805194
-0.31132659,3.741775014,-0.452199389,-2.151755662,-1.787200456,-4.323978937,-7.297732303,0.465593972,-1.51056822,1.082514977,0.335300575,-2.249689533
-0.581842516,4.203120781,-1.048975487,-2.562976239,-2.383976554,-3.242517767,-7.629964469,-0.131182126,-2.074312187,0.811999051,0.064784649,-3.815985813
-0.557370759,4.369004191,-0.848074577,-2.248695831,-1.8264007,-3.752773228,-7.419673775,0.069718784,-2.0379748,1.384200988,0.089256406,-2.424637781
-0.362711471,4.227191243,-0.758961317,-2.469196801,-2.093962383,-4.72631952,-7.700072887,0.158832045,-1.933111511,1.031130096,0.283915694,-3.596854768
-0.314822966,3.396529344,-0.327078387,-1.941117995,-1.30540451,-3.77939748,-6.501836419,0.590714974,-1.214448123,1.079018601,0.331804199,-2.143623707
-0.659130876,4.163103815,-1.225384094,-2.41123954,-2.203710216,-3.797533901,-7.569794964,-0.307590732,-2.41123954,3.106288655,-0.012503711,-3.893274173
-0.444884276,4.634070262,-0.956130864,-2.449736961,-2.291131931,-4.657011874,-7.831435936,-0.038337502,-1.973502782,0.94895729,0.201742889,-3.679027573
-0.415072057,4.174830657,-0.61453902,-2.104640585,-1.949540087,-3.675857285,-7.224974796,0.303254341,-1.485601376,1.723209985,0.231555108,-3.649215354
-0.421637052,3.520238917,-0.194673715,-1.822882379,-1.93764302,-3.301958474,-6.968859021,0.315151409,-1.64903545,1.404865366,0.224990113,-3.655780349
-0.579978128,4.324173685,-1.021912916,-2.492600852,-2.356913983,-3.939519835,-7.711780898,-0.104119554,-2.402652615,2.74788798,0.066649037,-3.814121425
-0.586974015,4.648822994,-0.993190721,-2.515853934,-2.328191787,-4.606595031,-7.781019094,-0.075397359,-2.33166147,3.082784397,0.05965315,-3.147388218
-0.511360512,4.622653803,-1.092987897,-2.866276292,-2.427988963,-4.498971067,-8.1087132,-0.175194535,-2.687793512,0.882481055,0.135266653,-3.314720893
-0.351273361,3.801911701,0.798211258,-2.083676734,-1.755688264,-4.173481063,-7.434916502,0.497106165,-1.528488997,2.272516496,0.295353803,-2.836180011
-0.448599453,4.69430381,-1.179411771,-2.54216102,-2.514412838,-4.668559545,-8.010037692,-0.261618409,-2.98501366,0.945242114,0.198027712,-3.68274275
-0.259886887,3.291122772,-0.780022423,-1.668920736,-2.115023489,-3.596812379,-6.45278271,0.137770939,-1.332448499,1.133954679,0.386740277,-2.489446845
-0.265806955,3.705056551,0.870740873,-1.73467247,-1.565375613,-4.158210173,-6.880649112,0.687418816,-1.236585872,1.128034612,0.38082021,-3.499950252
-0.591222875,4.301629383,-0.410779553,-2.507984314,-2.153748858,-4.719002213,-7.574972545,0.09904557,-2.355792499,2.032566982,0.05540429,-2.156209025
-0.298047545,3.806347354,-0.481120699,-1.82844225,-1.816121765,-3.886830382,-6.455118641,0.436672663,-0.866405496,1.095794022,0.34857962,-3.532190842
-0.285988285,4.118511206,0.095125732,-1.947411252,-2.053308681,-3.913524109,-6.635963047,0.199485748,-1.348574751,1.107853282,0.36063888,-3.520131582
-0.421873264,3.17169601,-0.117899195,-2.02813372,-2.084012052,-3.891352153,-6.86510552,0.168782377,-1.198227603,0.971968302,0.224753901,-2.982287467
-0.483195374,3.921304117,0.007043616,-2.210837286,-1.95906924,-3.768981904,-7.318099416,0.293725188,-1.354184821,2.283695327,0.163431791,-3.063412204
